-- phpMyAdmin SQL Dump
-- version 3.4.10.1
-- http://www.phpmyadmin.net
--
-- Host: mysql.hcs.harvard.edu
-- Generation Time: Dec 09, 2012 at 06:21 AM
-- Server version: 5.0.96
-- PHP Version: 5.2.4-2ubuntu5.25

SET SQL_MODE="NO_AUTO_VALUE_ON_ZERO";
SET time_zone = "+00:00";


/*!40101 SET @OLD_CHARACTER_SET_CLIENT=@@CHARACTER_SET_CLIENT */;
/*!40101 SET @OLD_CHARACTER_SET_RESULTS=@@CHARACTER_SET_RESULTS */;
/*!40101 SET @OLD_COLLATION_CONNECTION=@@COLLATION_CONNECTION */;
/*!40101 SET NAMES utf8 */;

--
-- Database: `cs50-chess`
--
CREATE DATABASE `cs50-chess` DEFAULT CHARACTER SET latin1 COLLATE latin1_swedish_ci;
USE `cs50-chess`;

-- --------------------------------------------------------

--
-- Table structure for table `games`
--

CREATE TABLE IF NOT EXISTS `games` (
  `id` varchar(255) NOT NULL,
  `board` text NOT NULL,
  `whiteTimer` int(32) NOT NULL,
  `blackTimer` int(32) NOT NULL,
  `turn` int(8) NOT NULL,
  `deadPieces` text NOT NULL,
  `whitePlayer` int(32) NOT NULL,
  `blackPlayer` int(32) NOT NULL,
  `winner` int(1) NOT NULL default '0',
  `drawOffer` int(2) NOT NULL default '0'
) ENGINE=MyISAM DEFAULT CHARSET=latin1;

--
-- Dumping data for table `games`
--

INSERT INTO `games` (`id`, `board`, `whiteTimer`, `blackTimer`, `turn`, `deadPieces`, `whitePlayer`, `blackPlayer`, `winner`, `drawOffer`) VALUES
('e90043a7', '050030031090099031030050010010010010010010010010000000000000000000000000000000000000000000000000000000000000000000000000000000000000000000000000110110110110110110110110150130131190199131130150\n', 900, 900, 1, '0', 3, 0, -1, 0);

-- --------------------------------------------------------

--
-- Table structure for table `users`
--

CREATE TABLE IF NOT EXISTS `users` (
  `id` int(10) unsigned NOT NULL auto_increment,
  `username` varchar(255) NOT NULL default '',
  `password` varchar(60) NOT NULL default '',
  `currentGame` varchar(255) NOT NULL,
  `wins` int(32) NOT NULL,
  `losses` int(32) NOT NULL,
  `draws` int(32) NOT NULL,
  PRIMARY KEY  (`id`)
) ENGINE=MyISAM  DEFAULT CHARSET=utf8 AUTO_INCREMENT=14 ;

--
-- Dumping data for table `users`
--

INSERT INTO `users` (`id`, `username`, `password`, `currentGame`, `wins`, `losses`, `draws`) VALUES
(11, 'sanctumsun', '$1$wl6a0GG1$gsb7WPEkc6k6MZPy/uu.d.', '0', 0, 0, 0),
(3, 'nuclearbob', '$1$NL.5a/dB$2pWT8/vFwjogOpLiHdt8G0', '0', 2, 10, 0),
(4, 'Roger', '$1$hFiFG4X9$z7t3vH2HNbQ4Vzf//V05n0', 'f369ab8a', 24, 16, 31),
(12, 'alex', '$1$k/Tk6m27$ljCh2GP.usWOGqEQAZ8Fo.', '0', 0, 0, 0),
(6, 'hiroger', '$1$vG4Hbx4l$JEfiOTF0P0D8fRJYD61es/', '0', 0, 1, 0),
(7, 'dianeyang', '$1$21NVxEo.$p1rDwZH4hW9JjXli2Ytgb/', '39cd17cd', 0, 0, 0),
(8, 'Tester', '$1$cx8xVM2c$EMiLloIktmanpAyjAu3pn0', '0', 12, 14, 31),
(9, 'singkims', '$1$ji2PNVQ.$VeOpdanifxc38Dt0quWbt1', '8adeceff', 0, 0, 0),
(10, 'i_decimate_rogers', '$1$DmI5YDJ4$Aryirq1C6zsmVjGvjXKZQ.', '0', 0, 1, 0),
(13, 'alex', '$1$nWrUAXE0$9Q4x7.mQIeX9OiswnFET5.', '0', 0, 0, 0);
--
-- Database: `information_schema`
--
CREATE DATABASE `information_schema` DEFAULT CHARACTER SET utf8 COLLATE utf8_general_ci;
USE `information_schema`;

-- --------------------------------------------------------

--
-- Table structure for table `CHARACTER_SETS`
--

CREATE TEMPORARY TABLE `CHARACTER_SETS` (
  `CHARACTER_SET_NAME` varchar(64) NOT NULL default '',
  `DEFAULT_COLLATE_NAME` varchar(64) NOT NULL default '',
  `DESCRIPTION` varchar(60) NOT NULL default '',
  `MAXLEN` bigint(3) NOT NULL default '0'
) ENGINE=MEMORY DEFAULT CHARSET=utf8;

--
-- Dumping data for table `CHARACTER_SETS`
--

INSERT INTO `CHARACTER_SETS` (`CHARACTER_SET_NAME`, `DEFAULT_COLLATE_NAME`, `DESCRIPTION`, `MAXLEN`) VALUES
('big5', 'big5_chinese_ci', 'Big5 Traditional Chinese', 2),
('dec8', 'dec8_swedish_ci', 'DEC West European', 1),
('cp850', 'cp850_general_ci', 'DOS West European', 1),
('hp8', 'hp8_english_ci', 'HP West European', 1),
('koi8r', 'koi8r_general_ci', 'KOI8-R Relcom Russian', 1),
('latin1', 'latin1_swedish_ci', 'cp1252 West European', 1),
('latin2', 'latin2_general_ci', 'ISO 8859-2 Central European', 1),
('swe7', 'swe7_swedish_ci', '7bit Swedish', 1),
('ascii', 'ascii_general_ci', 'US ASCII', 1),
('ujis', 'ujis_japanese_ci', 'EUC-JP Japanese', 3),
('sjis', 'sjis_japanese_ci', 'Shift-JIS Japanese', 2),
('hebrew', 'hebrew_general_ci', 'ISO 8859-8 Hebrew', 1),
('tis620', 'tis620_thai_ci', 'TIS620 Thai', 1),
('euckr', 'euckr_korean_ci', 'EUC-KR Korean', 2),
('koi8u', 'koi8u_general_ci', 'KOI8-U Ukrainian', 1),
('gb2312', 'gb2312_chinese_ci', 'GB2312 Simplified Chinese', 2),
('greek', 'greek_general_ci', 'ISO 8859-7 Greek', 1),
('cp1250', 'cp1250_general_ci', 'Windows Central European', 1),
('gbk', 'gbk_chinese_ci', 'GBK Simplified Chinese', 2),
('latin5', 'latin5_turkish_ci', 'ISO 8859-9 Turkish', 1),
('armscii8', 'armscii8_general_ci', 'ARMSCII-8 Armenian', 1),
('utf8', 'utf8_general_ci', 'UTF-8 Unicode', 3),
('ucs2', 'ucs2_general_ci', 'UCS-2 Unicode', 2),
('cp866', 'cp866_general_ci', 'DOS Russian', 1),
('keybcs2', 'keybcs2_general_ci', 'DOS Kamenicky Czech-Slovak', 1),
('macce', 'macce_general_ci', 'Mac Central European', 1),
('macroman', 'macroman_general_ci', 'Mac West European', 1),
('cp852', 'cp852_general_ci', 'DOS Central European', 1),
('latin7', 'latin7_general_ci', 'ISO 8859-13 Baltic', 1),
('cp1251', 'cp1251_general_ci', 'Windows Cyrillic', 1),
('cp1256', 'cp1256_general_ci', 'Windows Arabic', 1),
('cp1257', 'cp1257_general_ci', 'Windows Baltic', 1),
('binary', 'binary', 'Binary pseudo charset', 1),
('geostd8', 'geostd8_general_ci', 'GEOSTD8 Georgian', 1),
('cp932', 'cp932_japanese_ci', 'SJIS for Windows Japanese', 2),
('eucjpms', 'eucjpms_japanese_ci', 'UJIS for Windows Japanese', 3);

-- --------------------------------------------------------

--
-- Table structure for table `COLLATIONS`
--

CREATE TEMPORARY TABLE `COLLATIONS` (
  `COLLATION_NAME` varchar(64) NOT NULL default '',
  `CHARACTER_SET_NAME` varchar(64) NOT NULL default '',
  `ID` bigint(11) NOT NULL default '0',
  `IS_DEFAULT` varchar(3) NOT NULL default '',
  `IS_COMPILED` varchar(3) NOT NULL default '',
  `SORTLEN` bigint(3) NOT NULL default '0'
) ENGINE=MEMORY DEFAULT CHARSET=utf8;

--
-- Dumping data for table `COLLATIONS`
--

INSERT INTO `COLLATIONS` (`COLLATION_NAME`, `CHARACTER_SET_NAME`, `ID`, `IS_DEFAULT`, `IS_COMPILED`, `SORTLEN`) VALUES
('big5_chinese_ci', 'big5', 1, 'Yes', 'Yes', 1),
('big5_bin', 'big5', 84, '', 'Yes', 1),
('dec8_swedish_ci', 'dec8', 3, 'Yes', 'Yes', 1),
('dec8_bin', 'dec8', 69, '', 'Yes', 1),
('cp850_general_ci', 'cp850', 4, 'Yes', 'Yes', 1),
('cp850_bin', 'cp850', 80, '', 'Yes', 1),
('hp8_english_ci', 'hp8', 6, 'Yes', 'Yes', 1),
('hp8_bin', 'hp8', 72, '', 'Yes', 1),
('koi8r_general_ci', 'koi8r', 7, 'Yes', 'Yes', 1),
('koi8r_bin', 'koi8r', 74, '', 'Yes', 1),
('latin1_german1_ci', 'latin1', 5, '', 'Yes', 1),
('latin1_swedish_ci', 'latin1', 8, 'Yes', 'Yes', 1),
('latin1_danish_ci', 'latin1', 15, '', 'Yes', 1),
('latin1_german2_ci', 'latin1', 31, '', 'Yes', 2),
('latin1_bin', 'latin1', 47, '', 'Yes', 1),
('latin1_general_ci', 'latin1', 48, '', 'Yes', 1),
('latin1_general_cs', 'latin1', 49, '', 'Yes', 1),
('latin1_spanish_ci', 'latin1', 94, '', 'Yes', 1),
('latin2_czech_cs', 'latin2', 2, '', 'Yes', 4),
('latin2_general_ci', 'latin2', 9, 'Yes', 'Yes', 1),
('latin2_hungarian_ci', 'latin2', 21, '', 'Yes', 1),
('latin2_croatian_ci', 'latin2', 27, '', 'Yes', 1),
('latin2_bin', 'latin2', 77, '', 'Yes', 1),
('swe7_swedish_ci', 'swe7', 10, 'Yes', 'Yes', 1),
('swe7_bin', 'swe7', 82, '', 'Yes', 1),
('ascii_general_ci', 'ascii', 11, 'Yes', 'Yes', 1),
('ascii_bin', 'ascii', 65, '', 'Yes', 1),
('ujis_japanese_ci', 'ujis', 12, 'Yes', 'Yes', 1),
('ujis_bin', 'ujis', 91, '', 'Yes', 1),
('sjis_japanese_ci', 'sjis', 13, 'Yes', 'Yes', 1),
('sjis_bin', 'sjis', 88, '', 'Yes', 1),
('hebrew_general_ci', 'hebrew', 16, 'Yes', 'Yes', 1),
('hebrew_bin', 'hebrew', 71, '', 'Yes', 1),
('tis620_thai_ci', 'tis620', 18, 'Yes', 'Yes', 4),
('tis620_bin', 'tis620', 89, '', 'Yes', 1),
('euckr_korean_ci', 'euckr', 19, 'Yes', 'Yes', 1),
('euckr_bin', 'euckr', 85, '', 'Yes', 1),
('koi8u_general_ci', 'koi8u', 22, 'Yes', 'Yes', 1),
('koi8u_bin', 'koi8u', 75, '', 'Yes', 1),
('gb2312_chinese_ci', 'gb2312', 24, 'Yes', 'Yes', 1),
('gb2312_bin', 'gb2312', 86, '', 'Yes', 1),
('greek_general_ci', 'greek', 25, 'Yes', 'Yes', 1),
('greek_bin', 'greek', 70, '', 'Yes', 1),
('cp1250_general_ci', 'cp1250', 26, 'Yes', 'Yes', 1),
('cp1250_czech_cs', 'cp1250', 34, '', 'Yes', 2),
('cp1250_croatian_ci', 'cp1250', 44, '', 'Yes', 1),
('cp1250_bin', 'cp1250', 66, '', 'Yes', 1),
('gbk_chinese_ci', 'gbk', 28, 'Yes', 'Yes', 1),
('gbk_bin', 'gbk', 87, '', 'Yes', 1),
('latin5_turkish_ci', 'latin5', 30, 'Yes', 'Yes', 1),
('latin5_bin', 'latin5', 78, '', 'Yes', 1),
('armscii8_general_ci', 'armscii8', 32, 'Yes', 'Yes', 1),
('armscii8_bin', 'armscii8', 64, '', 'Yes', 1),
('utf8_general_ci', 'utf8', 33, 'Yes', 'Yes', 1),
('utf8_bin', 'utf8', 83, '', 'Yes', 1),
('utf8_unicode_ci', 'utf8', 192, '', 'Yes', 8),
('utf8_icelandic_ci', 'utf8', 193, '', 'Yes', 8),
('utf8_latvian_ci', 'utf8', 194, '', 'Yes', 8),
('utf8_romanian_ci', 'utf8', 195, '', 'Yes', 8),
('utf8_slovenian_ci', 'utf8', 196, '', 'Yes', 8),
('utf8_polish_ci', 'utf8', 197, '', 'Yes', 8),
('utf8_estonian_ci', 'utf8', 198, '', 'Yes', 8),
('utf8_spanish_ci', 'utf8', 199, '', 'Yes', 8),
('utf8_swedish_ci', 'utf8', 200, '', 'Yes', 8),
('utf8_turkish_ci', 'utf8', 201, '', 'Yes', 8),
('utf8_czech_ci', 'utf8', 202, '', 'Yes', 8),
('utf8_danish_ci', 'utf8', 203, '', 'Yes', 8),
('utf8_lithuanian_ci', 'utf8', 204, '', 'Yes', 8),
('utf8_slovak_ci', 'utf8', 205, '', 'Yes', 8),
('utf8_spanish2_ci', 'utf8', 206, '', 'Yes', 8),
('utf8_roman_ci', 'utf8', 207, '', 'Yes', 8),
('utf8_persian_ci', 'utf8', 208, '', 'Yes', 8),
('utf8_esperanto_ci', 'utf8', 209, '', 'Yes', 8),
('utf8_hungarian_ci', 'utf8', 210, '', 'Yes', 8),
('ucs2_general_ci', 'ucs2', 35, 'Yes', 'Yes', 1),
('ucs2_bin', 'ucs2', 90, '', 'Yes', 1),
('ucs2_unicode_ci', 'ucs2', 128, '', 'Yes', 8),
('ucs2_icelandic_ci', 'ucs2', 129, '', 'Yes', 8),
('ucs2_latvian_ci', 'ucs2', 130, '', 'Yes', 8),
('ucs2_romanian_ci', 'ucs2', 131, '', 'Yes', 8),
('ucs2_slovenian_ci', 'ucs2', 132, '', 'Yes', 8),
('ucs2_polish_ci', 'ucs2', 133, '', 'Yes', 8),
('ucs2_estonian_ci', 'ucs2', 134, '', 'Yes', 8),
('ucs2_spanish_ci', 'ucs2', 135, '', 'Yes', 8),
('ucs2_swedish_ci', 'ucs2', 136, '', 'Yes', 8),
('ucs2_turkish_ci', 'ucs2', 137, '', 'Yes', 8),
('ucs2_czech_ci', 'ucs2', 138, '', 'Yes', 8),
('ucs2_danish_ci', 'ucs2', 139, '', 'Yes', 8),
('ucs2_lithuanian_ci', 'ucs2', 140, '', 'Yes', 8),
('ucs2_slovak_ci', 'ucs2', 141, '', 'Yes', 8),
('ucs2_spanish2_ci', 'ucs2', 142, '', 'Yes', 8),
('ucs2_roman_ci', 'ucs2', 143, '', 'Yes', 8),
('ucs2_persian_ci', 'ucs2', 144, '', 'Yes', 8),
('ucs2_esperanto_ci', 'ucs2', 145, '', 'Yes', 8),
('ucs2_hungarian_ci', 'ucs2', 146, '', 'Yes', 8),
('cp866_general_ci', 'cp866', 36, 'Yes', 'Yes', 1),
('cp866_bin', 'cp866', 68, '', 'Yes', 1),
('keybcs2_general_ci', 'keybcs2', 37, 'Yes', 'Yes', 1),
('keybcs2_bin', 'keybcs2', 73, '', 'Yes', 1),
('macce_general_ci', 'macce', 38, 'Yes', 'Yes', 1),
('macce_bin', 'macce', 43, '', 'Yes', 1),
('macroman_general_ci', 'macroman', 39, 'Yes', 'Yes', 1),
('macroman_bin', 'macroman', 53, '', 'Yes', 1),
('cp852_general_ci', 'cp852', 40, 'Yes', 'Yes', 1),
('cp852_bin', 'cp852', 81, '', 'Yes', 1),
('latin7_estonian_cs', 'latin7', 20, '', 'Yes', 1),
('latin7_general_ci', 'latin7', 41, 'Yes', 'Yes', 1),
('latin7_general_cs', 'latin7', 42, '', 'Yes', 1),
('latin7_bin', 'latin7', 79, '', 'Yes', 1),
('cp1251_bulgarian_ci', 'cp1251', 14, '', 'Yes', 1),
('cp1251_ukrainian_ci', 'cp1251', 23, '', 'Yes', 1),
('cp1251_bin', 'cp1251', 50, '', 'Yes', 1),
('cp1251_general_ci', 'cp1251', 51, 'Yes', 'Yes', 1),
('cp1251_general_cs', 'cp1251', 52, '', 'Yes', 1),
('cp1256_general_ci', 'cp1256', 57, 'Yes', 'Yes', 1),
('cp1256_bin', 'cp1256', 67, '', 'Yes', 1),
('cp1257_lithuanian_ci', 'cp1257', 29, '', 'Yes', 1),
('cp1257_bin', 'cp1257', 58, '', 'Yes', 1),
('cp1257_general_ci', 'cp1257', 59, 'Yes', 'Yes', 1),
('binary', 'binary', 63, 'Yes', 'Yes', 1),
('geostd8_general_ci', 'geostd8', 92, 'Yes', 'Yes', 1),
('geostd8_bin', 'geostd8', 93, '', 'Yes', 1),
('cp932_japanese_ci', 'cp932', 95, 'Yes', 'Yes', 1),
('cp932_bin', 'cp932', 96, '', 'Yes', 1),
('eucjpms_japanese_ci', 'eucjpms', 97, 'Yes', 'Yes', 1),
('eucjpms_bin', 'eucjpms', 98, '', 'Yes', 1);

-- --------------------------------------------------------

--
-- Table structure for table `COLLATION_CHARACTER_SET_APPLICABILITY`
--

CREATE TEMPORARY TABLE `COLLATION_CHARACTER_SET_APPLICABILITY` (
  `COLLATION_NAME` varchar(64) NOT NULL default '',
  `CHARACTER_SET_NAME` varchar(64) NOT NULL default ''
) ENGINE=MEMORY DEFAULT CHARSET=utf8;

--
-- Dumping data for table `COLLATION_CHARACTER_SET_APPLICABILITY`
--

INSERT INTO `COLLATION_CHARACTER_SET_APPLICABILITY` (`COLLATION_NAME`, `CHARACTER_SET_NAME`) VALUES
('big5_chinese_ci', 'big5'),
('big5_bin', 'big5'),
('dec8_swedish_ci', 'dec8'),
('dec8_bin', 'dec8'),
('cp850_general_ci', 'cp850'),
('cp850_bin', 'cp850'),
('hp8_english_ci', 'hp8'),
('hp8_bin', 'hp8'),
('koi8r_general_ci', 'koi8r'),
('koi8r_bin', 'koi8r'),
('latin1_german1_ci', 'latin1'),
('latin1_swedish_ci', 'latin1'),
('latin1_danish_ci', 'latin1'),
('latin1_german2_ci', 'latin1'),
('latin1_bin', 'latin1'),
('latin1_general_ci', 'latin1'),
('latin1_general_cs', 'latin1'),
('latin1_spanish_ci', 'latin1'),
('latin2_czech_cs', 'latin2'),
('latin2_general_ci', 'latin2'),
('latin2_hungarian_ci', 'latin2'),
('latin2_croatian_ci', 'latin2'),
('latin2_bin', 'latin2'),
('swe7_swedish_ci', 'swe7'),
('swe7_bin', 'swe7'),
('ascii_general_ci', 'ascii'),
('ascii_bin', 'ascii'),
('ujis_japanese_ci', 'ujis'),
('ujis_bin', 'ujis'),
('sjis_japanese_ci', 'sjis'),
('sjis_bin', 'sjis'),
('hebrew_general_ci', 'hebrew'),
('hebrew_bin', 'hebrew'),
('tis620_thai_ci', 'tis620'),
('tis620_bin', 'tis620'),
('euckr_korean_ci', 'euckr'),
('euckr_bin', 'euckr'),
('koi8u_general_ci', 'koi8u'),
('koi8u_bin', 'koi8u'),
('gb2312_chinese_ci', 'gb2312'),
('gb2312_bin', 'gb2312'),
('greek_general_ci', 'greek'),
('greek_bin', 'greek'),
('cp1250_general_ci', 'cp1250'),
('cp1250_czech_cs', 'cp1250'),
('cp1250_croatian_ci', 'cp1250'),
('cp1250_bin', 'cp1250'),
('gbk_chinese_ci', 'gbk'),
('gbk_bin', 'gbk'),
('latin5_turkish_ci', 'latin5'),
('latin5_bin', 'latin5'),
('armscii8_general_ci', 'armscii8'),
('armscii8_bin', 'armscii8'),
('utf8_general_ci', 'utf8'),
('utf8_bin', 'utf8'),
('utf8_unicode_ci', 'utf8'),
('utf8_icelandic_ci', 'utf8'),
('utf8_latvian_ci', 'utf8'),
('utf8_romanian_ci', 'utf8'),
('utf8_slovenian_ci', 'utf8'),
('utf8_polish_ci', 'utf8'),
('utf8_estonian_ci', 'utf8'),
('utf8_spanish_ci', 'utf8'),
('utf8_swedish_ci', 'utf8'),
('utf8_turkish_ci', 'utf8'),
('utf8_czech_ci', 'utf8'),
('utf8_danish_ci', 'utf8'),
('utf8_lithuanian_ci', 'utf8'),
('utf8_slovak_ci', 'utf8'),
('utf8_spanish2_ci', 'utf8'),
('utf8_roman_ci', 'utf8'),
('utf8_persian_ci', 'utf8'),
('utf8_esperanto_ci', 'utf8'),
('utf8_hungarian_ci', 'utf8'),
('ucs2_general_ci', 'ucs2'),
('ucs2_bin', 'ucs2'),
('ucs2_unicode_ci', 'ucs2'),
('ucs2_icelandic_ci', 'ucs2'),
('ucs2_latvian_ci', 'ucs2'),
('ucs2_romanian_ci', 'ucs2'),
('ucs2_slovenian_ci', 'ucs2'),
('ucs2_polish_ci', 'ucs2'),
('ucs2_estonian_ci', 'ucs2'),
('ucs2_spanish_ci', 'ucs2'),
('ucs2_swedish_ci', 'ucs2'),
('ucs2_turkish_ci', 'ucs2'),
('ucs2_czech_ci', 'ucs2'),
('ucs2_danish_ci', 'ucs2'),
('ucs2_lithuanian_ci', 'ucs2'),
('ucs2_slovak_ci', 'ucs2'),
('ucs2_spanish2_ci', 'ucs2'),
('ucs2_roman_ci', 'ucs2'),
('ucs2_persian_ci', 'ucs2'),
('ucs2_esperanto_ci', 'ucs2'),
('ucs2_hungarian_ci', 'ucs2'),
('cp866_general_ci', 'cp866'),
('cp866_bin', 'cp866'),
('keybcs2_general_ci', 'keybcs2'),
('keybcs2_bin', 'keybcs2'),
('macce_general_ci', 'macce'),
('macce_bin', 'macce'),
('macroman_general_ci', 'macroman'),
('macroman_bin', 'macroman'),
('cp852_general_ci', 'cp852'),
('cp852_bin', 'cp852'),
('latin7_estonian_cs', 'latin7'),
('latin7_general_ci', 'latin7'),
('latin7_general_cs', 'latin7'),
('latin7_bin', 'latin7'),
('cp1251_bulgarian_ci', 'cp1251'),
('cp1251_ukrainian_ci', 'cp1251'),
('cp1251_bin', 'cp1251'),
('cp1251_general_ci', 'cp1251'),
('cp1251_general_cs', 'cp1251'),
('cp1256_general_ci', 'cp1256'),
('cp1256_bin', 'cp1256'),
('cp1257_lithuanian_ci', 'cp1257'),
('cp1257_bin', 'cp1257'),
('cp1257_general_ci', 'cp1257'),
('binary', 'binary'),
('geostd8_general_ci', 'geostd8'),
('geostd8_bin', 'geostd8'),
('cp932_japanese_ci', 'cp932'),
('cp932_bin', 'cp932'),
('eucjpms_japanese_ci', 'eucjpms'),
('eucjpms_bin', 'eucjpms');

-- --------------------------------------------------------

--
-- Table structure for table `COLUMNS`
--

CREATE TEMPORARY TABLE `COLUMNS` (
  `TABLE_CATALOG` varchar(512) default NULL,
  `TABLE_SCHEMA` varchar(64) NOT NULL default '',
  `TABLE_NAME` varchar(64) NOT NULL default '',
  `COLUMN_NAME` varchar(64) NOT NULL default '',
  `ORDINAL_POSITION` bigint(21) NOT NULL default '0',
  `COLUMN_DEFAULT` longtext,
  `IS_NULLABLE` varchar(3) NOT NULL default '',
  `DATA_TYPE` varchar(64) NOT NULL default '',
  `CHARACTER_MAXIMUM_LENGTH` bigint(21) default NULL,
  `CHARACTER_OCTET_LENGTH` bigint(21) default NULL,
  `NUMERIC_PRECISION` bigint(21) default NULL,
  `NUMERIC_SCALE` bigint(21) default NULL,
  `CHARACTER_SET_NAME` varchar(64) default NULL,
  `COLLATION_NAME` varchar(64) default NULL,
  `COLUMN_TYPE` longtext NOT NULL,
  `COLUMN_KEY` varchar(3) NOT NULL default '',
  `EXTRA` varchar(20) NOT NULL default '',
  `PRIVILEGES` varchar(80) NOT NULL default '',
  `COLUMN_COMMENT` varchar(255) NOT NULL default ''
) ENGINE=MyISAM DEFAULT CHARSET=utf8;

--
-- Dumping data for table `COLUMNS`
--

INSERT INTO `COLUMNS` (`TABLE_CATALOG`, `TABLE_SCHEMA`, `TABLE_NAME`, `COLUMN_NAME`, `ORDINAL_POSITION`, `COLUMN_DEFAULT`, `IS_NULLABLE`, `DATA_TYPE`, `CHARACTER_MAXIMUM_LENGTH`, `CHARACTER_OCTET_LENGTH`, `NUMERIC_PRECISION`, `NUMERIC_SCALE`, `CHARACTER_SET_NAME`, `COLLATION_NAME`, `COLUMN_TYPE`, `COLUMN_KEY`, `EXTRA`, `PRIVILEGES`, `COLUMN_COMMENT`) VALUES
(NULL, 'information_schema', 'CHARACTER_SETS', 'CHARACTER_SET_NAME', 1, '', 'NO', 'varchar', 64, 192, NULL, NULL, 'utf8', 'utf8_general_ci', 'varchar(64)', '', '', 'select', ''),
(NULL, 'information_schema', 'CHARACTER_SETS', 'DEFAULT_COLLATE_NAME', 2, '', 'NO', 'varchar', 64, 192, NULL, NULL, 'utf8', 'utf8_general_ci', 'varchar(64)', '', '', 'select', ''),
(NULL, 'information_schema', 'CHARACTER_SETS', 'DESCRIPTION', 3, '', 'NO', 'varchar', 60, 180, NULL, NULL, 'utf8', 'utf8_general_ci', 'varchar(60)', '', '', 'select', ''),
(NULL, 'information_schema', 'CHARACTER_SETS', 'MAXLEN', 4, '0', 'NO', 'bigint', NULL, NULL, 19, 0, NULL, NULL, 'bigint(3)', '', '', 'select', ''),
(NULL, 'information_schema', 'COLLATIONS', 'COLLATION_NAME', 1, '', 'NO', 'varchar', 64, 192, NULL, NULL, 'utf8', 'utf8_general_ci', 'varchar(64)', '', '', 'select', ''),
(NULL, 'information_schema', 'COLLATIONS', 'CHARACTER_SET_NAME', 2, '', 'NO', 'varchar', 64, 192, NULL, NULL, 'utf8', 'utf8_general_ci', 'varchar(64)', '', '', 'select', ''),
(NULL, 'information_schema', 'COLLATIONS', 'ID', 3, '0', 'NO', 'bigint', NULL, NULL, 19, 0, NULL, NULL, 'bigint(11)', '', '', 'select', ''),
(NULL, 'information_schema', 'COLLATIONS', 'IS_DEFAULT', 4, '', 'NO', 'varchar', 3, 9, NULL, NULL, 'utf8', 'utf8_general_ci', 'varchar(3)', '', '', 'select', ''),
(NULL, 'information_schema', 'COLLATIONS', 'IS_COMPILED', 5, '', 'NO', 'varchar', 3, 9, NULL, NULL, 'utf8', 'utf8_general_ci', 'varchar(3)', '', '', 'select', ''),
(NULL, 'information_schema', 'COLLATIONS', 'SORTLEN', 6, '0', 'NO', 'bigint', NULL, NULL, 19, 0, NULL, NULL, 'bigint(3)', '', '', 'select', ''),
(NULL, 'information_schema', 'COLLATION_CHARACTER_SET_APPLICABILITY', 'COLLATION_NAME', 1, '', 'NO', 'varchar', 64, 192, NULL, NULL, 'utf8', 'utf8_general_ci', 'varchar(64)', '', '', 'select', ''),
(NULL, 'information_schema', 'COLLATION_CHARACTER_SET_APPLICABILITY', 'CHARACTER_SET_NAME', 2, '', 'NO', 'varchar', 64, 192, NULL, NULL, 'utf8', 'utf8_general_ci', 'varchar(64)', '', '', 'select', ''),
(NULL, 'information_schema', 'COLUMNS', 'TABLE_CATALOG', 1, NULL, 'YES', 'varchar', 512, 1536, NULL, NULL, 'utf8', 'utf8_general_ci', 'varchar(512)', '', '', 'select', ''),
(NULL, 'information_schema', 'COLUMNS', 'TABLE_SCHEMA', 2, '', 'NO', 'varchar', 64, 192, NULL, NULL, 'utf8', 'utf8_general_ci', 'varchar(64)', '', '', 'select', ''),
(NULL, 'information_schema', 'COLUMNS', 'TABLE_NAME', 3, '', 'NO', 'varchar', 64, 192, NULL, NULL, 'utf8', 'utf8_general_ci', 'varchar(64)', '', '', 'select', ''),
(NULL, 'information_schema', 'COLUMNS', 'COLUMN_NAME', 4, '', 'NO', 'varchar', 64, 192, NULL, NULL, 'utf8', 'utf8_general_ci', 'varchar(64)', '', '', 'select', ''),
(NULL, 'information_schema', 'COLUMNS', 'ORDINAL_POSITION', 5, '0', 'NO', 'bigint', NULL, NULL, 19, 0, NULL, NULL, 'bigint(21)', '', '', 'select', ''),
(NULL, 'information_schema', 'COLUMNS', 'COLUMN_DEFAULT', 6, NULL, 'YES', 'longtext', 4294967295, 4294967295, NULL, NULL, 'utf8', 'utf8_general_ci', 'longtext', '', '', 'select', ''),
(NULL, 'information_schema', 'COLUMNS', 'IS_NULLABLE', 7, '', 'NO', 'varchar', 3, 9, NULL, NULL, 'utf8', 'utf8_general_ci', 'varchar(3)', '', '', 'select', ''),
(NULL, 'information_schema', 'COLUMNS', 'DATA_TYPE', 8, '', 'NO', 'varchar', 64, 192, NULL, NULL, 'utf8', 'utf8_general_ci', 'varchar(64)', '', '', 'select', ''),
(NULL, 'information_schema', 'COLUMNS', 'CHARACTER_MAXIMUM_LENGTH', 9, NULL, 'YES', 'bigint', NULL, NULL, 19, 0, NULL, NULL, 'bigint(21)', '', '', 'select', ''),
(NULL, 'information_schema', 'COLUMNS', 'CHARACTER_OCTET_LENGTH', 10, NULL, 'YES', 'bigint', NULL, NULL, 19, 0, NULL, NULL, 'bigint(21)', '', '', 'select', ''),
(NULL, 'information_schema', 'COLUMNS', 'NUMERIC_PRECISION', 11, NULL, 'YES', 'bigint', NULL, NULL, 19, 0, NULL, NULL, 'bigint(21)', '', '', 'select', ''),
(NULL, 'information_schema', 'COLUMNS', 'NUMERIC_SCALE', 12, NULL, 'YES', 'bigint', NULL, NULL, 19, 0, NULL, NULL, 'bigint(21)', '', '', 'select', ''),
(NULL, 'information_schema', 'COLUMNS', 'CHARACTER_SET_NAME', 13, NULL, 'YES', 'varchar', 64, 192, NULL, NULL, 'utf8', 'utf8_general_ci', 'varchar(64)', '', '', 'select', ''),
(NULL, 'information_schema', 'COLUMNS', 'COLLATION_NAME', 14, NULL, 'YES', 'varchar', 64, 192, NULL, NULL, 'utf8', 'utf8_general_ci', 'varchar(64)', '', '', 'select', ''),
(NULL, 'information_schema', 'COLUMNS', 'COLUMN_TYPE', 15, NULL, 'NO', 'longtext', 4294967295, 4294967295, NULL, NULL, 'utf8', 'utf8_general_ci', 'longtext', '', '', 'select', ''),
(NULL, 'information_schema', 'COLUMNS', 'COLUMN_KEY', 16, '', 'NO', 'varchar', 3, 9, NULL, NULL, 'utf8', 'utf8_general_ci', 'varchar(3)', '', '', 'select', ''),
(NULL, 'information_schema', 'COLUMNS', 'EXTRA', 17, '', 'NO', 'varchar', 20, 60, NULL, NULL, 'utf8', 'utf8_general_ci', 'varchar(20)', '', '', 'select', ''),
(NULL, 'information_schema', 'COLUMNS', 'PRIVILEGES', 18, '', 'NO', 'varchar', 80, 240, NULL, NULL, 'utf8', 'utf8_general_ci', 'varchar(80)', '', '', 'select', ''),
(NULL, 'information_schema', 'COLUMNS', 'COLUMN_COMMENT', 19, '', 'NO', 'varchar', 255, 765, NULL, NULL, 'utf8', 'utf8_general_ci', 'varchar(255)', '', '', 'select', ''),
(NULL, 'information_schema', 'COLUMN_PRIVILEGES', 'GRANTEE', 1, '', 'NO', 'varchar', 81, 243, NULL, NULL, 'utf8', 'utf8_general_ci', 'varchar(81)', '', '', 'select', ''),
(NULL, 'information_schema', 'COLUMN_PRIVILEGES', 'TABLE_CATALOG', 2, NULL, 'YES', 'varchar', 512, 1536, NULL, NULL, 'utf8', 'utf8_general_ci', 'varchar(512)', '', '', 'select', ''),
(NULL, 'information_schema', 'COLUMN_PRIVILEGES', 'TABLE_SCHEMA', 3, '', 'NO', 'varchar', 64, 192, NULL, NULL, 'utf8', 'utf8_general_ci', 'varchar(64)', '', '', 'select', ''),
(NULL, 'information_schema', 'COLUMN_PRIVILEGES', 'TABLE_NAME', 4, '', 'NO', 'varchar', 64, 192, NULL, NULL, 'utf8', 'utf8_general_ci', 'varchar(64)', '', '', 'select', ''),
(NULL, 'information_schema', 'COLUMN_PRIVILEGES', 'COLUMN_NAME', 5, '', 'NO', 'varchar', 64, 192, NULL, NULL, 'utf8', 'utf8_general_ci', 'varchar(64)', '', '', 'select', ''),
(NULL, 'information_schema', 'COLUMN_PRIVILEGES', 'PRIVILEGE_TYPE', 6, '', 'NO', 'varchar', 64, 192, NULL, NULL, 'utf8', 'utf8_general_ci', 'varchar(64)', '', '', 'select', ''),
(NULL, 'information_schema', 'COLUMN_PRIVILEGES', 'IS_GRANTABLE', 7, '', 'NO', 'varchar', 3, 9, NULL, NULL, 'utf8', 'utf8_general_ci', 'varchar(3)', '', '', 'select', ''),
(NULL, 'information_schema', 'KEY_COLUMN_USAGE', 'CONSTRAINT_CATALOG', 1, NULL, 'YES', 'varchar', 512, 1536, NULL, NULL, 'utf8', 'utf8_general_ci', 'varchar(512)', '', '', 'select', ''),
(NULL, 'information_schema', 'KEY_COLUMN_USAGE', 'CONSTRAINT_SCHEMA', 2, '', 'NO', 'varchar', 64, 192, NULL, NULL, 'utf8', 'utf8_general_ci', 'varchar(64)', '', '', 'select', ''),
(NULL, 'information_schema', 'KEY_COLUMN_USAGE', 'CONSTRAINT_NAME', 3, '', 'NO', 'varchar', 64, 192, NULL, NULL, 'utf8', 'utf8_general_ci', 'varchar(64)', '', '', 'select', ''),
(NULL, 'information_schema', 'KEY_COLUMN_USAGE', 'TABLE_CATALOG', 4, NULL, 'YES', 'varchar', 512, 1536, NULL, NULL, 'utf8', 'utf8_general_ci', 'varchar(512)', '', '', 'select', ''),
(NULL, 'information_schema', 'KEY_COLUMN_USAGE', 'TABLE_SCHEMA', 5, '', 'NO', 'varchar', 64, 192, NULL, NULL, 'utf8', 'utf8_general_ci', 'varchar(64)', '', '', 'select', ''),
(NULL, 'information_schema', 'KEY_COLUMN_USAGE', 'TABLE_NAME', 6, '', 'NO', 'varchar', 64, 192, NULL, NULL, 'utf8', 'utf8_general_ci', 'varchar(64)', '', '', 'select', ''),
(NULL, 'information_schema', 'KEY_COLUMN_USAGE', 'COLUMN_NAME', 7, '', 'NO', 'varchar', 64, 192, NULL, NULL, 'utf8', 'utf8_general_ci', 'varchar(64)', '', '', 'select', ''),
(NULL, 'information_schema', 'KEY_COLUMN_USAGE', 'ORDINAL_POSITION', 8, '0', 'NO', 'bigint', NULL, NULL, 19, 0, NULL, NULL, 'bigint(10)', '', '', 'select', ''),
(NULL, 'information_schema', 'KEY_COLUMN_USAGE', 'POSITION_IN_UNIQUE_CONSTRAINT', 9, NULL, 'YES', 'bigint', NULL, NULL, 19, 0, NULL, NULL, 'bigint(10)', '', '', 'select', ''),
(NULL, 'information_schema', 'KEY_COLUMN_USAGE', 'REFERENCED_TABLE_SCHEMA', 10, NULL, 'YES', 'varchar', 64, 192, NULL, NULL, 'utf8', 'utf8_general_ci', 'varchar(64)', '', '', 'select', ''),
(NULL, 'information_schema', 'KEY_COLUMN_USAGE', 'REFERENCED_TABLE_NAME', 11, NULL, 'YES', 'varchar', 64, 192, NULL, NULL, 'utf8', 'utf8_general_ci', 'varchar(64)', '', '', 'select', ''),
(NULL, 'information_schema', 'KEY_COLUMN_USAGE', 'REFERENCED_COLUMN_NAME', 12, NULL, 'YES', 'varchar', 64, 192, NULL, NULL, 'utf8', 'utf8_general_ci', 'varchar(64)', '', '', 'select', ''),
(NULL, 'information_schema', 'PROFILING', 'QUERY_ID', 1, '0', 'NO', 'bigint', NULL, NULL, 19, 0, NULL, NULL, 'bigint(20)', '', '', 'select', ''),
(NULL, 'information_schema', 'PROFILING', 'SEQ', 2, '0', 'NO', 'bigint', NULL, NULL, 19, 0, NULL, NULL, 'bigint(20)', '', '', 'select', ''),
(NULL, 'information_schema', 'PROFILING', 'STATE', 3, '', 'NO', 'varchar', 30, 90, NULL, NULL, 'utf8', 'utf8_general_ci', 'varchar(30)', '', '', 'select', ''),
(NULL, 'information_schema', 'PROFILING', 'DURATION', 4, '0.000000', 'NO', 'decimal', NULL, NULL, 9, 6, NULL, NULL, 'decimal(9,6)', '', '', 'select', ''),
(NULL, 'information_schema', 'PROFILING', 'CPU_USER', 5, NULL, 'YES', 'decimal', NULL, NULL, 9, 6, NULL, NULL, 'decimal(9,6)', '', '', 'select', ''),
(NULL, 'information_schema', 'PROFILING', 'CPU_SYSTEM', 6, NULL, 'YES', 'decimal', NULL, NULL, 9, 6, NULL, NULL, 'decimal(9,6)', '', '', 'select', ''),
(NULL, 'information_schema', 'PROFILING', 'CONTEXT_VOLUNTARY', 7, NULL, 'YES', 'bigint', NULL, NULL, 19, 0, NULL, NULL, 'bigint(20)', '', '', 'select', ''),
(NULL, 'information_schema', 'PROFILING', 'CONTEXT_INVOLUNTARY', 8, NULL, 'YES', 'bigint', NULL, NULL, 19, 0, NULL, NULL, 'bigint(20)', '', '', 'select', ''),
(NULL, 'information_schema', 'PROFILING', 'BLOCK_OPS_IN', 9, NULL, 'YES', 'bigint', NULL, NULL, 19, 0, NULL, NULL, 'bigint(20)', '', '', 'select', ''),
(NULL, 'information_schema', 'PROFILING', 'BLOCK_OPS_OUT', 10, NULL, 'YES', 'bigint', NULL, NULL, 19, 0, NULL, NULL, 'bigint(20)', '', '', 'select', ''),
(NULL, 'information_schema', 'PROFILING', 'MESSAGES_SENT', 11, NULL, 'YES', 'bigint', NULL, NULL, 19, 0, NULL, NULL, 'bigint(20)', '', '', 'select', ''),
(NULL, 'information_schema', 'PROFILING', 'MESSAGES_RECEIVED', 12, NULL, 'YES', 'bigint', NULL, NULL, 19, 0, NULL, NULL, 'bigint(20)', '', '', 'select', ''),
(NULL, 'information_schema', 'PROFILING', 'PAGE_FAULTS_MAJOR', 13, NULL, 'YES', 'bigint', NULL, NULL, 19, 0, NULL, NULL, 'bigint(20)', '', '', 'select', ''),
(NULL, 'information_schema', 'PROFILING', 'PAGE_FAULTS_MINOR', 14, NULL, 'YES', 'bigint', NULL, NULL, 19, 0, NULL, NULL, 'bigint(20)', '', '', 'select', ''),
(NULL, 'information_schema', 'PROFILING', 'SWAPS', 15, NULL, 'YES', 'bigint', NULL, NULL, 19, 0, NULL, NULL, 'bigint(20)', '', '', 'select', ''),
(NULL, 'information_schema', 'PROFILING', 'SOURCE_FUNCTION', 16, NULL, 'YES', 'varchar', 30, 90, NULL, NULL, 'utf8', 'utf8_general_ci', 'varchar(30)', '', '', 'select', ''),
(NULL, 'information_schema', 'PROFILING', 'SOURCE_FILE', 17, NULL, 'YES', 'varchar', 20, 60, NULL, NULL, 'utf8', 'utf8_general_ci', 'varchar(20)', '', '', 'select', ''),
(NULL, 'information_schema', 'PROFILING', 'SOURCE_LINE', 18, NULL, 'YES', 'bigint', NULL, NULL, 19, 0, NULL, NULL, 'bigint(20)', '', '', 'select', ''),
(NULL, 'information_schema', 'ROUTINES', 'SPECIFIC_NAME', 1, '', 'NO', 'varchar', 64, 192, NULL, NULL, 'utf8', 'utf8_general_ci', 'varchar(64)', '', '', 'select', ''),
(NULL, 'information_schema', 'ROUTINES', 'ROUTINE_CATALOG', 2, NULL, 'YES', 'varchar', 512, 1536, NULL, NULL, 'utf8', 'utf8_general_ci', 'varchar(512)', '', '', 'select', ''),
(NULL, 'information_schema', 'ROUTINES', 'ROUTINE_SCHEMA', 3, '', 'NO', 'varchar', 64, 192, NULL, NULL, 'utf8', 'utf8_general_ci', 'varchar(64)', '', '', 'select', ''),
(NULL, 'information_schema', 'ROUTINES', 'ROUTINE_NAME', 4, '', 'NO', 'varchar', 64, 192, NULL, NULL, 'utf8', 'utf8_general_ci', 'varchar(64)', '', '', 'select', ''),
(NULL, 'information_schema', 'ROUTINES', 'ROUTINE_TYPE', 5, '', 'NO', 'varchar', 9, 27, NULL, NULL, 'utf8', 'utf8_general_ci', 'varchar(9)', '', '', 'select', ''),
(NULL, 'information_schema', 'ROUTINES', 'DTD_IDENTIFIER', 6, NULL, 'YES', 'varchar', 64, 192, NULL, NULL, 'utf8', 'utf8_general_ci', 'varchar(64)', '', '', 'select', ''),
(NULL, 'information_schema', 'ROUTINES', 'ROUTINE_BODY', 7, '', 'NO', 'varchar', 8, 24, NULL, NULL, 'utf8', 'utf8_general_ci', 'varchar(8)', '', '', 'select', ''),
(NULL, 'information_schema', 'ROUTINES', 'ROUTINE_DEFINITION', 8, NULL, 'YES', 'longtext', 4294967295, 4294967295, NULL, NULL, 'utf8', 'utf8_general_ci', 'longtext', '', '', 'select', ''),
(NULL, 'information_schema', 'ROUTINES', 'EXTERNAL_NAME', 9, NULL, 'YES', 'varchar', 64, 192, NULL, NULL, 'utf8', 'utf8_general_ci', 'varchar(64)', '', '', 'select', ''),
(NULL, 'information_schema', 'ROUTINES', 'EXTERNAL_LANGUAGE', 10, NULL, 'YES', 'varchar', 64, 192, NULL, NULL, 'utf8', 'utf8_general_ci', 'varchar(64)', '', '', 'select', ''),
(NULL, 'information_schema', 'ROUTINES', 'PARAMETER_STYLE', 11, '', 'NO', 'varchar', 8, 24, NULL, NULL, 'utf8', 'utf8_general_ci', 'varchar(8)', '', '', 'select', ''),
(NULL, 'information_schema', 'ROUTINES', 'IS_DETERMINISTIC', 12, '', 'NO', 'varchar', 3, 9, NULL, NULL, 'utf8', 'utf8_general_ci', 'varchar(3)', '', '', 'select', ''),
(NULL, 'information_schema', 'ROUTINES', 'SQL_DATA_ACCESS', 13, '', 'NO', 'varchar', 64, 192, NULL, NULL, 'utf8', 'utf8_general_ci', 'varchar(64)', '', '', 'select', ''),
(NULL, 'information_schema', 'ROUTINES', 'SQL_PATH', 14, NULL, 'YES', 'varchar', 64, 192, NULL, NULL, 'utf8', 'utf8_general_ci', 'varchar(64)', '', '', 'select', ''),
(NULL, 'information_schema', 'ROUTINES', 'SECURITY_TYPE', 15, '', 'NO', 'varchar', 7, 21, NULL, NULL, 'utf8', 'utf8_general_ci', 'varchar(7)', '', '', 'select', ''),
(NULL, 'information_schema', 'ROUTINES', 'CREATED', 16, '0000-00-00 00:00:00', 'NO', 'datetime', NULL, NULL, NULL, NULL, NULL, NULL, 'datetime', '', '', 'select', ''),
(NULL, 'information_schema', 'ROUTINES', 'LAST_ALTERED', 17, '0000-00-00 00:00:00', 'NO', 'datetime', NULL, NULL, NULL, NULL, NULL, NULL, 'datetime', '', '', 'select', ''),
(NULL, 'information_schema', 'ROUTINES', 'SQL_MODE', 18, NULL, 'NO', 'longtext', 4294967295, 4294967295, NULL, NULL, 'utf8', 'utf8_general_ci', 'longtext', '', '', 'select', ''),
(NULL, 'information_schema', 'ROUTINES', 'ROUTINE_COMMENT', 19, '', 'NO', 'varchar', 64, 192, NULL, NULL, 'utf8', 'utf8_general_ci', 'varchar(64)', '', '', 'select', ''),
(NULL, 'information_schema', 'ROUTINES', 'DEFINER', 20, '', 'NO', 'varchar', 77, 231, NULL, NULL, 'utf8', 'utf8_general_ci', 'varchar(77)', '', '', 'select', ''),
(NULL, 'information_schema', 'SCHEMATA', 'CATALOG_NAME', 1, NULL, 'YES', 'varchar', 512, 1536, NULL, NULL, 'utf8', 'utf8_general_ci', 'varchar(512)', '', '', 'select', ''),
(NULL, 'information_schema', 'SCHEMATA', 'SCHEMA_NAME', 2, '', 'NO', 'varchar', 64, 192, NULL, NULL, 'utf8', 'utf8_general_ci', 'varchar(64)', '', '', 'select', ''),
(NULL, 'information_schema', 'SCHEMATA', 'DEFAULT_CHARACTER_SET_NAME', 3, '', 'NO', 'varchar', 64, 192, NULL, NULL, 'utf8', 'utf8_general_ci', 'varchar(64)', '', '', 'select', ''),
(NULL, 'information_schema', 'SCHEMATA', 'DEFAULT_COLLATION_NAME', 4, '', 'NO', 'varchar', 64, 192, NULL, NULL, 'utf8', 'utf8_general_ci', 'varchar(64)', '', '', 'select', ''),
(NULL, 'information_schema', 'SCHEMATA', 'SQL_PATH', 5, NULL, 'YES', 'varchar', 512, 1536, NULL, NULL, 'utf8', 'utf8_general_ci', 'varchar(512)', '', '', 'select', ''),
(NULL, 'information_schema', 'SCHEMA_PRIVILEGES', 'GRANTEE', 1, '', 'NO', 'varchar', 81, 243, NULL, NULL, 'utf8', 'utf8_general_ci', 'varchar(81)', '', '', 'select', ''),
(NULL, 'information_schema', 'SCHEMA_PRIVILEGES', 'TABLE_CATALOG', 2, NULL, 'YES', 'varchar', 512, 1536, NULL, NULL, 'utf8', 'utf8_general_ci', 'varchar(512)', '', '', 'select', ''),
(NULL, 'information_schema', 'SCHEMA_PRIVILEGES', 'TABLE_SCHEMA', 3, '', 'NO', 'varchar', 64, 192, NULL, NULL, 'utf8', 'utf8_general_ci', 'varchar(64)', '', '', 'select', ''),
(NULL, 'information_schema', 'SCHEMA_PRIVILEGES', 'PRIVILEGE_TYPE', 4, '', 'NO', 'varchar', 64, 192, NULL, NULL, 'utf8', 'utf8_general_ci', 'varchar(64)', '', '', 'select', ''),
(NULL, 'information_schema', 'SCHEMA_PRIVILEGES', 'IS_GRANTABLE', 5, '', 'NO', 'varchar', 3, 9, NULL, NULL, 'utf8', 'utf8_general_ci', 'varchar(3)', '', '', 'select', ''),
(NULL, 'information_schema', 'STATISTICS', 'TABLE_CATALOG', 1, NULL, 'YES', 'varchar', 512, 1536, NULL, NULL, 'utf8', 'utf8_general_ci', 'varchar(512)', '', '', 'select', ''),
(NULL, 'information_schema', 'STATISTICS', 'TABLE_SCHEMA', 2, '', 'NO', 'varchar', 64, 192, NULL, NULL, 'utf8', 'utf8_general_ci', 'varchar(64)', '', '', 'select', ''),
(NULL, 'information_schema', 'STATISTICS', 'TABLE_NAME', 3, '', 'NO', 'varchar', 64, 192, NULL, NULL, 'utf8', 'utf8_general_ci', 'varchar(64)', '', '', 'select', ''),
(NULL, 'information_schema', 'STATISTICS', 'NON_UNIQUE', 4, '0', 'NO', 'bigint', NULL, NULL, 19, 0, NULL, NULL, 'bigint(1)', '', '', 'select', ''),
(NULL, 'information_schema', 'STATISTICS', 'INDEX_SCHEMA', 5, '', 'NO', 'varchar', 64, 192, NULL, NULL, 'utf8', 'utf8_general_ci', 'varchar(64)', '', '', 'select', ''),
(NULL, 'information_schema', 'STATISTICS', 'INDEX_NAME', 6, '', 'NO', 'varchar', 64, 192, NULL, NULL, 'utf8', 'utf8_general_ci', 'varchar(64)', '', '', 'select', ''),
(NULL, 'information_schema', 'STATISTICS', 'SEQ_IN_INDEX', 7, '0', 'NO', 'bigint', NULL, NULL, 19, 0, NULL, NULL, 'bigint(2)', '', '', 'select', ''),
(NULL, 'information_schema', 'STATISTICS', 'COLUMN_NAME', 8, '', 'NO', 'varchar', 64, 192, NULL, NULL, 'utf8', 'utf8_general_ci', 'varchar(64)', '', '', 'select', ''),
(NULL, 'information_schema', 'STATISTICS', 'COLLATION', 9, NULL, 'YES', 'varchar', 1, 3, NULL, NULL, 'utf8', 'utf8_general_ci', 'varchar(1)', '', '', 'select', ''),
(NULL, 'information_schema', 'STATISTICS', 'CARDINALITY', 10, NULL, 'YES', 'bigint', NULL, NULL, 19, 0, NULL, NULL, 'bigint(21)', '', '', 'select', ''),
(NULL, 'information_schema', 'STATISTICS', 'SUB_PART', 11, NULL, 'YES', 'bigint', NULL, NULL, 19, 0, NULL, NULL, 'bigint(3)', '', '', 'select', ''),
(NULL, 'information_schema', 'STATISTICS', 'PACKED', 12, NULL, 'YES', 'varchar', 10, 30, NULL, NULL, 'utf8', 'utf8_general_ci', 'varchar(10)', '', '', 'select', ''),
(NULL, 'information_schema', 'STATISTICS', 'NULLABLE', 13, '', 'NO', 'varchar', 3, 9, NULL, NULL, 'utf8', 'utf8_general_ci', 'varchar(3)', '', '', 'select', ''),
(NULL, 'information_schema', 'STATISTICS', 'INDEX_TYPE', 14, '', 'NO', 'varchar', 16, 48, NULL, NULL, 'utf8', 'utf8_general_ci', 'varchar(16)', '', '', 'select', ''),
(NULL, 'information_schema', 'STATISTICS', 'COMMENT', 15, NULL, 'YES', 'varchar', 16, 48, NULL, NULL, 'utf8', 'utf8_general_ci', 'varchar(16)', '', '', 'select', ''),
(NULL, 'information_schema', 'TABLES', 'TABLE_CATALOG', 1, NULL, 'YES', 'varchar', 512, 1536, NULL, NULL, 'utf8', 'utf8_general_ci', 'varchar(512)', '', '', 'select', ''),
(NULL, 'information_schema', 'TABLES', 'TABLE_SCHEMA', 2, '', 'NO', 'varchar', 64, 192, NULL, NULL, 'utf8', 'utf8_general_ci', 'varchar(64)', '', '', 'select', ''),
(NULL, 'information_schema', 'TABLES', 'TABLE_NAME', 3, '', 'NO', 'varchar', 64, 192, NULL, NULL, 'utf8', 'utf8_general_ci', 'varchar(64)', '', '', 'select', ''),
(NULL, 'information_schema', 'TABLES', 'TABLE_TYPE', 4, '', 'NO', 'varchar', 64, 192, NULL, NULL, 'utf8', 'utf8_general_ci', 'varchar(64)', '', '', 'select', ''),
(NULL, 'information_schema', 'TABLES', 'ENGINE', 5, NULL, 'YES', 'varchar', 64, 192, NULL, NULL, 'utf8', 'utf8_general_ci', 'varchar(64)', '', '', 'select', ''),
(NULL, 'information_schema', 'TABLES', 'VERSION', 6, NULL, 'YES', 'bigint', NULL, NULL, 19, 0, NULL, NULL, 'bigint(21)', '', '', 'select', ''),
(NULL, 'information_schema', 'TABLES', 'ROW_FORMAT', 7, NULL, 'YES', 'varchar', 10, 30, NULL, NULL, 'utf8', 'utf8_general_ci', 'varchar(10)', '', '', 'select', ''),
(NULL, 'information_schema', 'TABLES', 'TABLE_ROWS', 8, NULL, 'YES', 'bigint', NULL, NULL, 19, 0, NULL, NULL, 'bigint(21)', '', '', 'select', ''),
(NULL, 'information_schema', 'TABLES', 'AVG_ROW_LENGTH', 9, NULL, 'YES', 'bigint', NULL, NULL, 19, 0, NULL, NULL, 'bigint(21)', '', '', 'select', ''),
(NULL, 'information_schema', 'TABLES', 'DATA_LENGTH', 10, NULL, 'YES', 'bigint', NULL, NULL, 19, 0, NULL, NULL, 'bigint(21)', '', '', 'select', ''),
(NULL, 'information_schema', 'TABLES', 'MAX_DATA_LENGTH', 11, NULL, 'YES', 'bigint', NULL, NULL, 19, 0, NULL, NULL, 'bigint(21)', '', '', 'select', ''),
(NULL, 'information_schema', 'TABLES', 'INDEX_LENGTH', 12, NULL, 'YES', 'bigint', NULL, NULL, 19, 0, NULL, NULL, 'bigint(21)', '', '', 'select', ''),
(NULL, 'information_schema', 'TABLES', 'DATA_FREE', 13, NULL, 'YES', 'bigint', NULL, NULL, 19, 0, NULL, NULL, 'bigint(21)', '', '', 'select', ''),
(NULL, 'information_schema', 'TABLES', 'AUTO_INCREMENT', 14, NULL, 'YES', 'bigint', NULL, NULL, 19, 0, NULL, NULL, 'bigint(21)', '', '', 'select', ''),
(NULL, 'information_schema', 'TABLES', 'CREATE_TIME', 15, NULL, 'YES', 'datetime', NULL, NULL, NULL, NULL, NULL, NULL, 'datetime', '', '', 'select', ''),
(NULL, 'information_schema', 'TABLES', 'UPDATE_TIME', 16, NULL, 'YES', 'datetime', NULL, NULL, NULL, NULL, NULL, NULL, 'datetime', '', '', 'select', ''),
(NULL, 'information_schema', 'TABLES', 'CHECK_TIME', 17, NULL, 'YES', 'datetime', NULL, NULL, NULL, NULL, NULL, NULL, 'datetime', '', '', 'select', ''),
(NULL, 'information_schema', 'TABLES', 'TABLE_COLLATION', 18, NULL, 'YES', 'varchar', 64, 192, NULL, NULL, 'utf8', 'utf8_general_ci', 'varchar(64)', '', '', 'select', ''),
(NULL, 'information_schema', 'TABLES', 'CHECKSUM', 19, NULL, 'YES', 'bigint', NULL, NULL, 19, 0, NULL, NULL, 'bigint(21)', '', '', 'select', ''),
(NULL, 'information_schema', 'TABLES', 'CREATE_OPTIONS', 20, NULL, 'YES', 'varchar', 255, 765, NULL, NULL, 'utf8', 'utf8_general_ci', 'varchar(255)', '', '', 'select', ''),
(NULL, 'information_schema', 'TABLES', 'TABLE_COMMENT', 21, '', 'NO', 'varchar', 80, 240, NULL, NULL, 'utf8', 'utf8_general_ci', 'varchar(80)', '', '', 'select', ''),
(NULL, 'information_schema', 'TABLE_CONSTRAINTS', 'CONSTRAINT_CATALOG', 1, NULL, 'YES', 'varchar', 512, 1536, NULL, NULL, 'utf8', 'utf8_general_ci', 'varchar(512)', '', '', 'select', ''),
(NULL, 'information_schema', 'TABLE_CONSTRAINTS', 'CONSTRAINT_SCHEMA', 2, '', 'NO', 'varchar', 64, 192, NULL, NULL, 'utf8', 'utf8_general_ci', 'varchar(64)', '', '', 'select', ''),
(NULL, 'information_schema', 'TABLE_CONSTRAINTS', 'CONSTRAINT_NAME', 3, '', 'NO', 'varchar', 64, 192, NULL, NULL, 'utf8', 'utf8_general_ci', 'varchar(64)', '', '', 'select', ''),
(NULL, 'information_schema', 'TABLE_CONSTRAINTS', 'TABLE_SCHEMA', 4, '', 'NO', 'varchar', 64, 192, NULL, NULL, 'utf8', 'utf8_general_ci', 'varchar(64)', '', '', 'select', ''),
(NULL, 'information_schema', 'TABLE_CONSTRAINTS', 'TABLE_NAME', 5, '', 'NO', 'varchar', 64, 192, NULL, NULL, 'utf8', 'utf8_general_ci', 'varchar(64)', '', '', 'select', ''),
(NULL, 'information_schema', 'TABLE_CONSTRAINTS', 'CONSTRAINT_TYPE', 6, '', 'NO', 'varchar', 64, 192, NULL, NULL, 'utf8', 'utf8_general_ci', 'varchar(64)', '', '', 'select', ''),
(NULL, 'information_schema', 'TABLE_PRIVILEGES', 'GRANTEE', 1, '', 'NO', 'varchar', 81, 243, NULL, NULL, 'utf8', 'utf8_general_ci', 'varchar(81)', '', '', 'select', ''),
(NULL, 'information_schema', 'TABLE_PRIVILEGES', 'TABLE_CATALOG', 2, NULL, 'YES', 'varchar', 512, 1536, NULL, NULL, 'utf8', 'utf8_general_ci', 'varchar(512)', '', '', 'select', ''),
(NULL, 'information_schema', 'TABLE_PRIVILEGES', 'TABLE_SCHEMA', 3, '', 'NO', 'varchar', 64, 192, NULL, NULL, 'utf8', 'utf8_general_ci', 'varchar(64)', '', '', 'select', ''),
(NULL, 'information_schema', 'TABLE_PRIVILEGES', 'TABLE_NAME', 4, '', 'NO', 'varchar', 64, 192, NULL, NULL, 'utf8', 'utf8_general_ci', 'varchar(64)', '', '', 'select', ''),
(NULL, 'information_schema', 'TABLE_PRIVILEGES', 'PRIVILEGE_TYPE', 5, '', 'NO', 'varchar', 64, 192, NULL, NULL, 'utf8', 'utf8_general_ci', 'varchar(64)', '', '', 'select', ''),
(NULL, 'information_schema', 'TABLE_PRIVILEGES', 'IS_GRANTABLE', 6, '', 'NO', 'varchar', 3, 9, NULL, NULL, 'utf8', 'utf8_general_ci', 'varchar(3)', '', '', 'select', ''),
(NULL, 'information_schema', 'TRIGGERS', 'TRIGGER_CATALOG', 1, NULL, 'YES', 'varchar', 512, 1536, NULL, NULL, 'utf8', 'utf8_general_ci', 'varchar(512)', '', '', 'select', ''),
(NULL, 'information_schema', 'TRIGGERS', 'TRIGGER_SCHEMA', 2, '', 'NO', 'varchar', 64, 192, NULL, NULL, 'utf8', 'utf8_general_ci', 'varchar(64)', '', '', 'select', ''),
(NULL, 'information_schema', 'TRIGGERS', 'TRIGGER_NAME', 3, '', 'NO', 'varchar', 64, 192, NULL, NULL, 'utf8', 'utf8_general_ci', 'varchar(64)', '', '', 'select', ''),
(NULL, 'information_schema', 'TRIGGERS', 'EVENT_MANIPULATION', 4, '', 'NO', 'varchar', 6, 18, NULL, NULL, 'utf8', 'utf8_general_ci', 'varchar(6)', '', '', 'select', ''),
(NULL, 'information_schema', 'TRIGGERS', 'EVENT_OBJECT_CATALOG', 5, NULL, 'YES', 'varchar', 512, 1536, NULL, NULL, 'utf8', 'utf8_general_ci', 'varchar(512)', '', '', 'select', ''),
(NULL, 'information_schema', 'TRIGGERS', 'EVENT_OBJECT_SCHEMA', 6, '', 'NO', 'varchar', 64, 192, NULL, NULL, 'utf8', 'utf8_general_ci', 'varchar(64)', '', '', 'select', ''),
(NULL, 'information_schema', 'TRIGGERS', 'EVENT_OBJECT_TABLE', 7, '', 'NO', 'varchar', 64, 192, NULL, NULL, 'utf8', 'utf8_general_ci', 'varchar(64)', '', '', 'select', ''),
(NULL, 'information_schema', 'TRIGGERS', 'ACTION_ORDER', 8, '0', 'NO', 'bigint', NULL, NULL, 19, 0, NULL, NULL, 'bigint(4)', '', '', 'select', ''),
(NULL, 'information_schema', 'TRIGGERS', 'ACTION_CONDITION', 9, NULL, 'YES', 'longtext', 4294967295, 4294967295, NULL, NULL, 'utf8', 'utf8_general_ci', 'longtext', '', '', 'select', ''),
(NULL, 'information_schema', 'TRIGGERS', 'ACTION_STATEMENT', 10, NULL, 'NO', 'longtext', 4294967295, 4294967295, NULL, NULL, 'utf8', 'utf8_general_ci', 'longtext', '', '', 'select', ''),
(NULL, 'information_schema', 'TRIGGERS', 'ACTION_ORIENTATION', 11, '', 'NO', 'varchar', 9, 27, NULL, NULL, 'utf8', 'utf8_general_ci', 'varchar(9)', '', '', 'select', ''),
(NULL, 'information_schema', 'TRIGGERS', 'ACTION_TIMING', 12, '', 'NO', 'varchar', 6, 18, NULL, NULL, 'utf8', 'utf8_general_ci', 'varchar(6)', '', '', 'select', ''),
(NULL, 'information_schema', 'TRIGGERS', 'ACTION_REFERENCE_OLD_TABLE', 13, NULL, 'YES', 'varchar', 64, 192, NULL, NULL, 'utf8', 'utf8_general_ci', 'varchar(64)', '', '', 'select', ''),
(NULL, 'information_schema', 'TRIGGERS', 'ACTION_REFERENCE_NEW_TABLE', 14, NULL, 'YES', 'varchar', 64, 192, NULL, NULL, 'utf8', 'utf8_general_ci', 'varchar(64)', '', '', 'select', ''),
(NULL, 'information_schema', 'TRIGGERS', 'ACTION_REFERENCE_OLD_ROW', 15, '', 'NO', 'varchar', 3, 9, NULL, NULL, 'utf8', 'utf8_general_ci', 'varchar(3)', '', '', 'select', ''),
(NULL, 'information_schema', 'TRIGGERS', 'ACTION_REFERENCE_NEW_ROW', 16, '', 'NO', 'varchar', 3, 9, NULL, NULL, 'utf8', 'utf8_general_ci', 'varchar(3)', '', '', 'select', ''),
(NULL, 'information_schema', 'TRIGGERS', 'CREATED', 17, NULL, 'YES', 'datetime', NULL, NULL, NULL, NULL, NULL, NULL, 'datetime', '', '', 'select', ''),
(NULL, 'information_schema', 'TRIGGERS', 'SQL_MODE', 18, NULL, 'NO', 'longtext', 4294967295, 4294967295, NULL, NULL, 'utf8', 'utf8_general_ci', 'longtext', '', '', 'select', ''),
(NULL, 'information_schema', 'TRIGGERS', 'DEFINER', 19, NULL, 'NO', 'longtext', 4294967295, 4294967295, NULL, NULL, 'utf8', 'utf8_general_ci', 'longtext', '', '', 'select', ''),
(NULL, 'information_schema', 'USER_PRIVILEGES', 'GRANTEE', 1, '', 'NO', 'varchar', 81, 243, NULL, NULL, 'utf8', 'utf8_general_ci', 'varchar(81)', '', '', 'select', ''),
(NULL, 'information_schema', 'USER_PRIVILEGES', 'TABLE_CATALOG', 2, NULL, 'YES', 'varchar', 512, 1536, NULL, NULL, 'utf8', 'utf8_general_ci', 'varchar(512)', '', '', 'select', ''),
(NULL, 'information_schema', 'USER_PRIVILEGES', 'PRIVILEGE_TYPE', 3, '', 'NO', 'varchar', 64, 192, NULL, NULL, 'utf8', 'utf8_general_ci', 'varchar(64)', '', '', 'select', ''),
(NULL, 'information_schema', 'USER_PRIVILEGES', 'IS_GRANTABLE', 4, '', 'NO', 'varchar', 3, 9, NULL, NULL, 'utf8', 'utf8_general_ci', 'varchar(3)', '', '', 'select', ''),
(NULL, 'information_schema', 'VIEWS', 'TABLE_CATALOG', 1, NULL, 'YES', 'varchar', 512, 1536, NULL, NULL, 'utf8', 'utf8_general_ci', 'varchar(512)', '', '', 'select', ''),
(NULL, 'information_schema', 'VIEWS', 'TABLE_SCHEMA', 2, '', 'NO', 'varchar', 64, 192, NULL, NULL, 'utf8', 'utf8_general_ci', 'varchar(64)', '', '', 'select', ''),
(NULL, 'information_schema', 'VIEWS', 'TABLE_NAME', 3, '', 'NO', 'varchar', 64, 192, NULL, NULL, 'utf8', 'utf8_general_ci', 'varchar(64)', '', '', 'select', ''),
(NULL, 'information_schema', 'VIEWS', 'VIEW_DEFINITION', 4, NULL, 'NO', 'longtext', 4294967295, 4294967295, NULL, NULL, 'utf8', 'utf8_general_ci', 'longtext', '', '', 'select', ''),
(NULL, 'information_schema', 'VIEWS', 'CHECK_OPTION', 5, '', 'NO', 'varchar', 8, 24, NULL, NULL, 'utf8', 'utf8_general_ci', 'varchar(8)', '', '', 'select', ''),
(NULL, 'information_schema', 'VIEWS', 'IS_UPDATABLE', 6, '', 'NO', 'varchar', 3, 9, NULL, NULL, 'utf8', 'utf8_general_ci', 'varchar(3)', '', '', 'select', ''),
(NULL, 'information_schema', 'VIEWS', 'DEFINER', 7, '', 'NO', 'varchar', 77, 231, NULL, NULL, 'utf8', 'utf8_general_ci', 'varchar(77)', '', '', 'select', ''),
(NULL, 'information_schema', 'VIEWS', 'SECURITY_TYPE', 8, '', 'NO', 'varchar', 7, 21, NULL, NULL, 'utf8', 'utf8_general_ci', 'varchar(7)', '', '', 'select', ''),
(NULL, 'cs50-chess', 'games', 'id', 1, NULL, 'NO', 'varchar', 255, 255, NULL, NULL, 'latin1', 'latin1_swedish_ci', 'varchar(255)', '', '', 'select,insert,update,references', ''),
(NULL, 'cs50-chess', 'games', 'board', 2, NULL, 'NO', 'text', 65535, 65535, NULL, NULL, 'latin1', 'latin1_swedish_ci', 'text', '', '', 'select,insert,update,references', ''),
(NULL, 'cs50-chess', 'games', 'whiteTimer', 3, NULL, 'NO', 'int', NULL, NULL, 10, 0, NULL, NULL, 'int(32)', '', '', 'select,insert,update,references', ''),
(NULL, 'cs50-chess', 'games', 'blackTimer', 4, NULL, 'NO', 'int', NULL, NULL, 10, 0, NULL, NULL, 'int(32)', '', '', 'select,insert,update,references', ''),
(NULL, 'cs50-chess', 'games', 'turn', 5, NULL, 'NO', 'int', NULL, NULL, 10, 0, NULL, NULL, 'int(8)', '', '', 'select,insert,update,references', ''),
(NULL, 'cs50-chess', 'games', 'deadPieces', 6, NULL, 'NO', 'text', 65535, 65535, NULL, NULL, 'latin1', 'latin1_swedish_ci', 'text', '', '', 'select,insert,update,references', ''),
(NULL, 'cs50-chess', 'games', 'whitePlayer', 7, NULL, 'NO', 'int', NULL, NULL, 10, 0, NULL, NULL, 'int(32)', '', '', 'select,insert,update,references', ''),
(NULL, 'cs50-chess', 'games', 'blackPlayer', 8, NULL, 'NO', 'int', NULL, NULL, 10, 0, NULL, NULL, 'int(32)', '', '', 'select,insert,update,references', ''),
(NULL, 'cs50-chess', 'games', 'winner', 9, '0', 'NO', 'int', NULL, NULL, 10, 0, NULL, NULL, 'int(1)', '', '', 'select,insert,update,references', ''),
(NULL, 'cs50-chess', 'games', 'drawOffer', 10, '0', 'NO', 'int', NULL, NULL, 10, 0, NULL, NULL, 'int(2)', '', '', 'select,insert,update,references', ''),
(NULL, 'cs50-chess', 'users', 'id', 1, NULL, 'NO', 'int', NULL, NULL, 10, 0, NULL, NULL, 'int(10) unsigned', 'PRI', 'auto_increment', 'select,insert,update,references', ''),
(NULL, 'cs50-chess', 'users', 'username', 2, '', 'NO', 'varchar', 255, 765, NULL, NULL, 'utf8', 'utf8_general_ci', 'varchar(255)', '', '', 'select,insert,update,references', ''),
(NULL, 'cs50-chess', 'users', 'password', 3, '', 'NO', 'varchar', 60, 180, NULL, NULL, 'utf8', 'utf8_general_ci', 'varchar(60)', '', '', 'select,insert,update,references', ''),
(NULL, 'cs50-chess', 'users', 'currentGame', 4, NULL, 'NO', 'varchar', 255, 765, NULL, NULL, 'utf8', 'utf8_general_ci', 'varchar(255)', '', '', 'select,insert,update,references', ''),
(NULL, 'cs50-chess', 'users', 'wins', 5, NULL, 'NO', 'int', NULL, NULL, 10, 0, NULL, NULL, 'int(32)', '', '', 'select,insert,update,references', ''),
(NULL, 'cs50-chess', 'users', 'losses', 6, NULL, 'NO', 'int', NULL, NULL, 10, 0, NULL, NULL, 'int(32)', '', '', 'select,insert,update,references', ''),
(NULL, 'cs50-chess', 'users', 'draws', 7, NULL, 'NO', 'int', NULL, NULL, 10, 0, NULL, NULL, 'int(32)', '', '', 'select,insert,update,references', '');

-- --------------------------------------------------------

--
-- Table structure for table `COLUMN_PRIVILEGES`
--

CREATE TEMPORARY TABLE `COLUMN_PRIVILEGES` (
  `GRANTEE` varchar(81) NOT NULL default '',
  `TABLE_CATALOG` varchar(512) default NULL,
  `TABLE_SCHEMA` varchar(64) NOT NULL default '',
  `TABLE_NAME` varchar(64) NOT NULL default '',
  `COLUMN_NAME` varchar(64) NOT NULL default '',
  `PRIVILEGE_TYPE` varchar(64) NOT NULL default '',
  `IS_GRANTABLE` varchar(3) NOT NULL default ''
) ENGINE=MEMORY DEFAULT CHARSET=utf8;

-- --------------------------------------------------------

--
-- Table structure for table `KEY_COLUMN_USAGE`
--

CREATE TEMPORARY TABLE `KEY_COLUMN_USAGE` (
  `CONSTRAINT_CATALOG` varchar(512) default NULL,
  `CONSTRAINT_SCHEMA` varchar(64) NOT NULL default '',
  `CONSTRAINT_NAME` varchar(64) NOT NULL default '',
  `TABLE_CATALOG` varchar(512) default NULL,
  `TABLE_SCHEMA` varchar(64) NOT NULL default '',
  `TABLE_NAME` varchar(64) NOT NULL default '',
  `COLUMN_NAME` varchar(64) NOT NULL default '',
  `ORDINAL_POSITION` bigint(10) NOT NULL default '0',
  `POSITION_IN_UNIQUE_CONSTRAINT` bigint(10) default NULL,
  `REFERENCED_TABLE_SCHEMA` varchar(64) default NULL,
  `REFERENCED_TABLE_NAME` varchar(64) default NULL,
  `REFERENCED_COLUMN_NAME` varchar(64) default NULL
) ENGINE=MEMORY DEFAULT CHARSET=utf8;

--
-- Dumping data for table `KEY_COLUMN_USAGE`
--

INSERT INTO `KEY_COLUMN_USAGE` (`CONSTRAINT_CATALOG`, `CONSTRAINT_SCHEMA`, `CONSTRAINT_NAME`, `TABLE_CATALOG`, `TABLE_SCHEMA`, `TABLE_NAME`, `COLUMN_NAME`, `ORDINAL_POSITION`, `POSITION_IN_UNIQUE_CONSTRAINT`, `REFERENCED_TABLE_SCHEMA`, `REFERENCED_TABLE_NAME`, `REFERENCED_COLUMN_NAME`) VALUES
(NULL, 'cs50-chess', 'PRIMARY', NULL, 'cs50-chess', 'users', 'id', 1, NULL, NULL, NULL, NULL);

-- --------------------------------------------------------

--
-- Table structure for table `PROFILING`
--

CREATE TEMPORARY TABLE `PROFILING` (
  `QUERY_ID` bigint(20) NOT NULL default '0',
  `SEQ` bigint(20) NOT NULL default '0',
  `STATE` varchar(30) NOT NULL default '',
  `DURATION` decimal(9,6) NOT NULL default '0.000000',
  `CPU_USER` decimal(9,6) default NULL,
  `CPU_SYSTEM` decimal(9,6) default NULL,
  `CONTEXT_VOLUNTARY` bigint(20) default NULL,
  `CONTEXT_INVOLUNTARY` bigint(20) default NULL,
  `BLOCK_OPS_IN` bigint(20) default NULL,
  `BLOCK_OPS_OUT` bigint(20) default NULL,
  `MESSAGES_SENT` bigint(20) default NULL,
  `MESSAGES_RECEIVED` bigint(20) default NULL,
  `PAGE_FAULTS_MAJOR` bigint(20) default NULL,
  `PAGE_FAULTS_MINOR` bigint(20) default NULL,
  `SWAPS` bigint(20) default NULL,
  `SOURCE_FUNCTION` varchar(30) default NULL,
  `SOURCE_FILE` varchar(20) default NULL,
  `SOURCE_LINE` bigint(20) default NULL
) ENGINE=MEMORY DEFAULT CHARSET=utf8;
-- in use (#1289 - The 'SHOW PROFILE' feature is disabled; you need MySQL built with 'enable-profiling' to have it working)

-- --------------------------------------------------------

--
-- Table structure for table `ROUTINES`
--

CREATE TEMPORARY TABLE `ROUTINES` (
  `SPECIFIC_NAME` varchar(64) NOT NULL default '',
  `ROUTINE_CATALOG` varchar(512) default NULL,
  `ROUTINE_SCHEMA` varchar(64) NOT NULL default '',
  `ROUTINE_NAME` varchar(64) NOT NULL default '',
  `ROUTINE_TYPE` varchar(9) NOT NULL default '',
  `DTD_IDENTIFIER` varchar(64) default NULL,
  `ROUTINE_BODY` varchar(8) NOT NULL default '',
  `ROUTINE_DEFINITION` longtext,
  `EXTERNAL_NAME` varchar(64) default NULL,
  `EXTERNAL_LANGUAGE` varchar(64) default NULL,
  `PARAMETER_STYLE` varchar(8) NOT NULL default '',
  `IS_DETERMINISTIC` varchar(3) NOT NULL default '',
  `SQL_DATA_ACCESS` varchar(64) NOT NULL default '',
  `SQL_PATH` varchar(64) default NULL,
  `SECURITY_TYPE` varchar(7) NOT NULL default '',
  `CREATED` datetime NOT NULL default '0000-00-00 00:00:00',
  `LAST_ALTERED` datetime NOT NULL default '0000-00-00 00:00:00',
  `SQL_MODE` longtext NOT NULL,
  `ROUTINE_COMMENT` varchar(64) NOT NULL default '',
  `DEFINER` varchar(77) NOT NULL default ''
) ENGINE=MyISAM DEFAULT CHARSET=utf8;

-- --------------------------------------------------------

--
-- Table structure for table `SCHEMATA`
--

CREATE TEMPORARY TABLE `SCHEMATA` (
  `CATALOG_NAME` varchar(512) default NULL,
  `SCHEMA_NAME` varchar(64) NOT NULL default '',
  `DEFAULT_CHARACTER_SET_NAME` varchar(64) NOT NULL default '',
  `DEFAULT_COLLATION_NAME` varchar(64) NOT NULL default '',
  `SQL_PATH` varchar(512) default NULL
) ENGINE=MEMORY DEFAULT CHARSET=utf8;

--
-- Dumping data for table `SCHEMATA`
--

INSERT INTO `SCHEMATA` (`CATALOG_NAME`, `SCHEMA_NAME`, `DEFAULT_CHARACTER_SET_NAME`, `DEFAULT_COLLATION_NAME`, `SQL_PATH`) VALUES
(NULL, 'information_schema', 'utf8', 'utf8_general_ci', NULL),
(NULL, 'cs50-chess', 'latin1', 'latin1_swedish_ci', NULL);

-- --------------------------------------------------------

--
-- Table structure for table `SCHEMA_PRIVILEGES`
--

CREATE TEMPORARY TABLE `SCHEMA_PRIVILEGES` (
  `GRANTEE` varchar(81) NOT NULL default '',
  `TABLE_CATALOG` varchar(512) default NULL,
  `TABLE_SCHEMA` varchar(64) NOT NULL default '',
  `PRIVILEGE_TYPE` varchar(64) NOT NULL default '',
  `IS_GRANTABLE` varchar(3) NOT NULL default ''
) ENGINE=MEMORY DEFAULT CHARSET=utf8;

--
-- Dumping data for table `SCHEMA_PRIVILEGES`
--

INSERT INTO `SCHEMA_PRIVILEGES` (`GRANTEE`, `TABLE_CATALOG`, `TABLE_SCHEMA`, `PRIVILEGE_TYPE`, `IS_GRANTABLE`) VALUES
('''cs50-chess''@''%''', NULL, 'cs50-chess', 'SELECT', 'NO'),
('''cs50-chess''@''%''', NULL, 'cs50-chess', 'INSERT', 'NO'),
('''cs50-chess''@''%''', NULL, 'cs50-chess', 'UPDATE', 'NO'),
('''cs50-chess''@''%''', NULL, 'cs50-chess', 'DELETE', 'NO'),
('''cs50-chess''@''%''', NULL, 'cs50-chess', 'CREATE', 'NO'),
('''cs50-chess''@''%''', NULL, 'cs50-chess', 'DROP', 'NO'),
('''cs50-chess''@''%''', NULL, 'cs50-chess', 'REFERENCES', 'NO'),
('''cs50-chess''@''%''', NULL, 'cs50-chess', 'INDEX', 'NO'),
('''cs50-chess''@''%''', NULL, 'cs50-chess', 'ALTER', 'NO'),
('''cs50-chess''@''%''', NULL, 'cs50-chess', 'CREATE TEMPORARY TABLES', 'NO'),
('''cs50-chess''@''%''', NULL, 'cs50-chess', 'LOCK TABLES', 'NO'),
('''cs50-chess''@''%''', NULL, 'cs50-chess', 'EXECUTE', 'NO'),
('''cs50-chess''@''%''', NULL, 'cs50-chess', 'CREATE VIEW', 'NO'),
('''cs50-chess''@''%''', NULL, 'cs50-chess', 'SHOW VIEW', 'NO'),
('''cs50-chess''@''%''', NULL, 'cs50-chess', 'CREATE ROUTINE', 'NO'),
('''cs50-chess''@''%''', NULL, 'cs50-chess', 'ALTER ROUTINE', 'NO');

-- --------------------------------------------------------

--
-- Table structure for table `STATISTICS`
--

CREATE TEMPORARY TABLE `STATISTICS` (
  `TABLE_CATALOG` varchar(512) default NULL,
  `TABLE_SCHEMA` varchar(64) NOT NULL default '',
  `TABLE_NAME` varchar(64) NOT NULL default '',
  `NON_UNIQUE` bigint(1) NOT NULL default '0',
  `INDEX_SCHEMA` varchar(64) NOT NULL default '',
  `INDEX_NAME` varchar(64) NOT NULL default '',
  `SEQ_IN_INDEX` bigint(2) NOT NULL default '0',
  `COLUMN_NAME` varchar(64) NOT NULL default '',
  `COLLATION` varchar(1) default NULL,
  `CARDINALITY` bigint(21) default NULL,
  `SUB_PART` bigint(3) default NULL,
  `PACKED` varchar(10) default NULL,
  `NULLABLE` varchar(3) NOT NULL default '',
  `INDEX_TYPE` varchar(16) NOT NULL default '',
  `COMMENT` varchar(16) default NULL
) ENGINE=MEMORY DEFAULT CHARSET=utf8;

--
-- Dumping data for table `STATISTICS`
--

INSERT INTO `STATISTICS` (`TABLE_CATALOG`, `TABLE_SCHEMA`, `TABLE_NAME`, `NON_UNIQUE`, `INDEX_SCHEMA`, `INDEX_NAME`, `SEQ_IN_INDEX`, `COLUMN_NAME`, `COLLATION`, `CARDINALITY`, `SUB_PART`, `PACKED`, `NULLABLE`, `INDEX_TYPE`, `COMMENT`) VALUES
(NULL, 'cs50-chess', 'users', 0, 'cs50-chess', 'PRIMARY', 1, 'id', 'A', 10, NULL, NULL, '', 'BTREE', '');

-- --------------------------------------------------------

--
-- Table structure for table `TABLES`
--

CREATE TEMPORARY TABLE `TABLES` (
  `TABLE_CATALOG` varchar(512) default NULL,
  `TABLE_SCHEMA` varchar(64) NOT NULL default '',
  `TABLE_NAME` varchar(64) NOT NULL default '',
  `TABLE_TYPE` varchar(64) NOT NULL default '',
  `ENGINE` varchar(64) default NULL,
  `VERSION` bigint(21) default NULL,
  `ROW_FORMAT` varchar(10) default NULL,
  `TABLE_ROWS` bigint(21) default NULL,
  `AVG_ROW_LENGTH` bigint(21) default NULL,
  `DATA_LENGTH` bigint(21) default NULL,
  `MAX_DATA_LENGTH` bigint(21) default NULL,
  `INDEX_LENGTH` bigint(21) default NULL,
  `DATA_FREE` bigint(21) default NULL,
  `AUTO_INCREMENT` bigint(21) default NULL,
  `CREATE_TIME` datetime default NULL,
  `UPDATE_TIME` datetime default NULL,
  `CHECK_TIME` datetime default NULL,
  `TABLE_COLLATION` varchar(64) default NULL,
  `CHECKSUM` bigint(21) default NULL,
  `CREATE_OPTIONS` varchar(255) default NULL,
  `TABLE_COMMENT` varchar(80) NOT NULL default ''
) ENGINE=MEMORY DEFAULT CHARSET=utf8;

--
-- Dumping data for table `TABLES`
--

INSERT INTO `TABLES` (`TABLE_CATALOG`, `TABLE_SCHEMA`, `TABLE_NAME`, `TABLE_TYPE`, `ENGINE`, `VERSION`, `ROW_FORMAT`, `TABLE_ROWS`, `AVG_ROW_LENGTH`, `DATA_LENGTH`, `MAX_DATA_LENGTH`, `INDEX_LENGTH`, `DATA_FREE`, `AUTO_INCREMENT`, `CREATE_TIME`, `UPDATE_TIME`, `CHECK_TIME`, `TABLE_COLLATION`, `CHECKSUM`, `CREATE_OPTIONS`, `TABLE_COMMENT`) VALUES
(NULL, 'information_schema', 'CHARACTER_SETS', 'SYSTEM VIEW', 'MEMORY', 0, 'Fixed', NULL, 576, 0, 16547328, 0, 0, NULL, NULL, NULL, NULL, 'utf8_general_ci', NULL, 'max_rows=29127', ''),
(NULL, 'information_schema', 'COLLATIONS', 'SYSTEM VIEW', 'MEMORY', 0, 'Fixed', NULL, 423, 0, 16737264, 0, 0, NULL, NULL, NULL, NULL, 'utf8_general_ci', NULL, 'max_rows=39662', ''),
(NULL, 'information_schema', 'COLLATION_CHARACTER_SET_APPLICABILITY', 'SYSTEM VIEW', 'MEMORY', 0, 'Fixed', NULL, 387, 0, 16563213, 0, 0, NULL, NULL, NULL, NULL, 'utf8_general_ci', NULL, 'max_rows=43351', ''),
(NULL, 'information_schema', 'COLUMNS', 'SYSTEM VIEW', 'MyISAM', 0, 'Dynamic', NULL, 0, 0, 281474976710655, 1024, 0, NULL, '2012-12-09 11:21:05', '2012-12-09 11:21:05', NULL, 'utf8_general_ci', NULL, 'max_rows=8715', ''),
(NULL, 'information_schema', 'COLUMN_PRIVILEGES', 'SYSTEM VIEW', 'MEMORY', 0, 'Fixed', NULL, 2565, 0, 16757145, 0, 0, NULL, NULL, NULL, NULL, 'utf8_general_ci', NULL, 'max_rows=6540', ''),
(NULL, 'information_schema', 'KEY_COLUMN_USAGE', 'SYSTEM VIEW', 'MEMORY', 0, 'Fixed', NULL, 4637, 0, 16762755, 0, 0, NULL, NULL, NULL, NULL, 'utf8_general_ci', NULL, 'max_rows=3618', ''),
(NULL, 'information_schema', 'PROFILING', 'SYSTEM VIEW', 'MEMORY', 0, 'Fixed', NULL, 356, 0, 16590668, 0, 0, NULL, NULL, NULL, NULL, 'utf8_general_ci', NULL, 'max_rows=47127', ''),
(NULL, 'information_schema', 'ROUTINES', 'SYSTEM VIEW', 'MyISAM', 0, 'Dynamic', NULL, 0, 0, 281474976710655, 1024, 0, NULL, '2012-12-09 11:21:05', '2012-12-09 11:21:05', NULL, 'utf8_general_ci', NULL, 'max_rows=9172', ''),
(NULL, 'information_schema', 'SCHEMATA', 'SYSTEM VIEW', 'MEMORY', 0, 'Fixed', NULL, 3656, 0, 16737168, 0, 0, NULL, NULL, NULL, NULL, 'utf8_general_ci', NULL, 'max_rows=4588', ''),
(NULL, 'information_schema', 'SCHEMA_PRIVILEGES', 'SYSTEM VIEW', 'MEMORY', 0, 'Fixed', NULL, 2179, 0, 16736899, 0, 0, NULL, NULL, NULL, NULL, 'utf8_general_ci', NULL, 'max_rows=7699', ''),
(NULL, 'information_schema', 'STATISTICS', 'SYSTEM VIEW', 'MEMORY', 0, 'Fixed', NULL, 2679, 0, 16770540, 0, 0, NULL, NULL, NULL, NULL, 'utf8_general_ci', NULL, 'max_rows=6262', ''),
(NULL, 'information_schema', 'TABLES', 'SYSTEM VIEW', 'MEMORY', 0, 'Fixed', NULL, 3641, 0, 16744959, 0, 0, NULL, NULL, NULL, NULL, 'utf8_general_ci', NULL, 'max_rows=4607', ''),
(NULL, 'information_schema', 'TABLE_CONSTRAINTS', 'SYSTEM VIEW', 'MEMORY', 0, 'Fixed', NULL, 2504, 0, 16721712, 0, 0, NULL, NULL, NULL, NULL, 'utf8_general_ci', NULL, 'max_rows=6700', ''),
(NULL, 'information_schema', 'TABLE_PRIVILEGES', 'SYSTEM VIEW', 'MEMORY', 0, 'Fixed', NULL, 2372, 0, 16748692, 0, 0, NULL, NULL, NULL, NULL, 'utf8_general_ci', NULL, 'max_rows=7073', ''),
(NULL, 'information_schema', 'TRIGGERS', 'SYSTEM VIEW', 'MyISAM', 0, 'Dynamic', NULL, 0, 0, 281474976710655, 1024, 0, NULL, '2012-12-09 11:21:05', '2012-12-09 11:21:05', NULL, 'utf8_general_ci', NULL, 'max_rows=7652', ''),
(NULL, 'information_schema', 'USER_PRIVILEGES', 'SYSTEM VIEW', 'MEMORY', 0, 'Fixed', NULL, 1986, 0, 16726092, 0, 0, NULL, NULL, NULL, NULL, 'utf8_general_ci', NULL, 'max_rows=8447', ''),
(NULL, 'information_schema', 'VIEWS', 'SYSTEM VIEW', 'MyISAM', 0, 'Dynamic', NULL, 0, 0, 281474976710655, 1024, 0, NULL, '2012-12-09 11:21:05', '2012-12-09 11:21:05', NULL, 'utf8_general_ci', NULL, 'max_rows=15073', ''),
(NULL, 'cs50-chess', 'games', 'BASE TABLE', 'MyISAM', 10, 'Dynamic', 1, 232, 12968, 281474976710655, 1024, 12736, NULL, '2012-12-09 04:08:57', '2012-12-09 10:49:00', NULL, 'latin1_swedish_ci', NULL, '', ''),
(NULL, 'cs50-chess', 'users', 'BASE TABLE', 'MyISAM', 10, 'Dynamic', 10, 73, 736, 281474976710655, 2048, 0, 14, '2012-12-06 06:58:15', '2012-12-09 10:49:00', NULL, 'utf8_general_ci', NULL, '', '');

-- --------------------------------------------------------

--
-- Table structure for table `TABLE_CONSTRAINTS`
--

CREATE TEMPORARY TABLE `TABLE_CONSTRAINTS` (
  `CONSTRAINT_CATALOG` varchar(512) default NULL,
  `CONSTRAINT_SCHEMA` varchar(64) NOT NULL default '',
  `CONSTRAINT_NAME` varchar(64) NOT NULL default '',
  `TABLE_SCHEMA` varchar(64) NOT NULL default '',
  `TABLE_NAME` varchar(64) NOT NULL default '',
  `CONSTRAINT_TYPE` varchar(64) NOT NULL default ''
) ENGINE=MEMORY DEFAULT CHARSET=utf8;

--
-- Dumping data for table `TABLE_CONSTRAINTS`
--

INSERT INTO `TABLE_CONSTRAINTS` (`CONSTRAINT_CATALOG`, `CONSTRAINT_SCHEMA`, `CONSTRAINT_NAME`, `TABLE_SCHEMA`, `TABLE_NAME`, `CONSTRAINT_TYPE`) VALUES
(NULL, 'cs50-chess', 'PRIMARY', 'cs50-chess', 'users', 'PRIMARY KEY');

-- --------------------------------------------------------

--
-- Table structure for table `TABLE_PRIVILEGES`
--

CREATE TEMPORARY TABLE `TABLE_PRIVILEGES` (
  `GRANTEE` varchar(81) NOT NULL default '',
  `TABLE_CATALOG` varchar(512) default NULL,
  `TABLE_SCHEMA` varchar(64) NOT NULL default '',
  `TABLE_NAME` varchar(64) NOT NULL default '',
  `PRIVILEGE_TYPE` varchar(64) NOT NULL default '',
  `IS_GRANTABLE` varchar(3) NOT NULL default ''
) ENGINE=MEMORY DEFAULT CHARSET=utf8;

-- --------------------------------------------------------

--
-- Table structure for table `TRIGGERS`
--

CREATE TEMPORARY TABLE `TRIGGERS` (
  `TRIGGER_CATALOG` varchar(512) default NULL,
  `TRIGGER_SCHEMA` varchar(64) NOT NULL default '',
  `TRIGGER_NAME` varchar(64) NOT NULL default '',
  `EVENT_MANIPULATION` varchar(6) NOT NULL default '',
  `EVENT_OBJECT_CATALOG` varchar(512) default NULL,
  `EVENT_OBJECT_SCHEMA` varchar(64) NOT NULL default '',
  `EVENT_OBJECT_TABLE` varchar(64) NOT NULL default '',
  `ACTION_ORDER` bigint(4) NOT NULL default '0',
  `ACTION_CONDITION` longtext,
  `ACTION_STATEMENT` longtext NOT NULL,
  `ACTION_ORIENTATION` varchar(9) NOT NULL default '',
  `ACTION_TIMING` varchar(6) NOT NULL default '',
  `ACTION_REFERENCE_OLD_TABLE` varchar(64) default NULL,
  `ACTION_REFERENCE_NEW_TABLE` varchar(64) default NULL,
  `ACTION_REFERENCE_OLD_ROW` varchar(3) NOT NULL default '',
  `ACTION_REFERENCE_NEW_ROW` varchar(3) NOT NULL default '',
  `CREATED` datetime default NULL,
  `SQL_MODE` longtext NOT NULL,
  `DEFINER` longtext NOT NULL
) ENGINE=MyISAM DEFAULT CHARSET=utf8;

-- --------------------------------------------------------

--
-- Table structure for table `USER_PRIVILEGES`
--

CREATE TEMPORARY TABLE `USER_PRIVILEGES` (
  `GRANTEE` varchar(81) NOT NULL default '',
  `TABLE_CATALOG` varchar(512) default NULL,
  `PRIVILEGE_TYPE` varchar(64) NOT NULL default '',
  `IS_GRANTABLE` varchar(3) NOT NULL default ''
) ENGINE=MEMORY DEFAULT CHARSET=utf8;

--
-- Dumping data for table `USER_PRIVILEGES`
--

INSERT INTO `USER_PRIVILEGES` (`GRANTEE`, `TABLE_CATALOG`, `PRIVILEGE_TYPE`, `IS_GRANTABLE`) VALUES
('''cs50-chess''@''%''', NULL, 'USAGE', 'NO');

-- --------------------------------------------------------

--
-- Table structure for table `VIEWS`
--

CREATE TEMPORARY TABLE `VIEWS` (
  `TABLE_CATALOG` varchar(512) default NULL,
  `TABLE_SCHEMA` varchar(64) NOT NULL default '',
  `TABLE_NAME` varchar(64) NOT NULL default '',
  `VIEW_DEFINITION` longtext NOT NULL,
  `CHECK_OPTION` varchar(8) NOT NULL default '',
  `IS_UPDATABLE` varchar(3) NOT NULL default '',
  `DEFINER` varchar(77) NOT NULL default '',
  `SECURITY_TYPE` varchar(7) NOT NULL default ''
) ENGINE=MyISAM DEFAULT CHARSET=utf8;

/*!40101 SET CHARACTER_SET_CLIENT=@OLD_CHARACTER_SET_CLIENT */;
/*!40101 SET CHARACTER_SET_RESULTS=@OLD_CHARACTER_SET_RESULTS */;
/*!40101 SET COLLATION_CONNECTION=@OLD_COLLATION_CONNECTION */;
